"Status","Start Time","Stop Time","Duration in ms","Parent Suite","Suite","Sub Suite","Test Class","Test Method","Name","Description"
"passed","Tue Oct 06 00:14:56 UTC 2026","Tue Oct 06 00:14:56 UTC 2026","696","Phoneix API Test","Phoneix Api test","com.api.test.MasterApiTest","com.api.test.MasterApiTest","masterApiTest","validate response is shown correctly","validate Master API response is shown correctly"
"passed","Tue Oct 06 00:14:53 UTC 2026","Tue Oct 06 00:14:54 UTC 2026","1115","Phoneix API Test","Phoneix Api test","com.api.test.UserDetailsApiTest","com.api.test.UserDetailsApiTest","getUserDetailsTest","valiate User Details api response is shwon correctly","valiate User Details api response is shwon correctly"
"passed","Tue Oct 06 00:14:55 UTC 2026","Tue Oct 06 00:14:56 UTC 2026","505","Phoneix API Test","Phoneix Api test","com.api.test.MasterApiTest","com.api.test.MasterApiTest","invalidTokenMasterApi","Validate Negative test for Invalid Token",""
"passed","Tue Oct 06 00:14:54 UTC 2026","Tue Oct 06 00:14:55 UTC 2026","750","Phoneix API Test","Phoneix Api test","com.api.test.CountApiTest","com.api.test.CountApiTest","validateMissingTokenInCountApi","Validate Negative test for Invalid Token for Count API",""
"failed","Tue Oct 06 00:14:58 UTC 2026","Tue Oct 06 00:14:58 UTC 2026","576","Phoneix API Test","Phoneix Api test","com.api.test.CreateJobApiDBValidationWithResponseModelTest","com.api.test.CreateJobApiDBValidationWithResponseModelTest","createJobApiTest","validate create job api response is correct for inwarranty",""
"failed","Tue Oct 06 00:14:57 UTC 2026","Tue Oct 06 00:14:58 UTC 2026","583","Phoneix API Test","Phoneix Api test","com.api.test.CreateJobApiDBValidationTest","com.api.test.CreateJobApiDBValidationTest","createJobApiTest","validate create job api response is correct for inwarranty",""
"passed","Tue Oct 06 00:14:48 UTC 2026","Tue Oct 06 00:14:53 UTC 2026","4173","Phoneix API Test","Phoneix Api test","com.api.test.LoginApiTest","com.api.test.LoginApiTest","loginApiTest","Varify Login Funtionality is working for FD user","Varify Login Functionality is working"
"passed","Tue Oct 06 00:14:54 UTC 2026","Tue Oct 06 00:14:54 UTC 2026","630","Phoneix API Test","Phoneix Api test","com.api.test.CountApiTest","com.api.test.CountApiTest","validateCountApiResponse","validate count api response is correct","validate count api response is correct"
"failed","Tue Oct 06 00:14:56 UTC 2026","Tue Oct 06 00:14:57 UTC 2026","629","Phoneix API Test","Phoneix Api test","com.api.test.CreateJobApiTest","com.api.test.CreateJobApiTest","createJobApiTest","validate FD is able to create job for inwarranty flow","validate FD is able to create job for inwarranty flow"
